"Region","water_year","Acartia Adult","Acartiella sinensis Adult","Bosmina longirostris Adult","Daphnia Adult","Diaphanosoma Adult","Eurytemora affinis Adult","Eurytemora affinis Juvenile","Hyperacanthomysis longirostris Adult","Limnoithona tetraspina Adult","Neomysis kadiakensis Adult","Neomysis mercedis Adult","Pseudodiaptomus forbesi Adult","Pseudodiaptomus Juvenile","Tortanus Adult"
"Confluence",1972,166.795100740741,NA,416.475333333333,1677.43,183.873981481481,13821.236037037,NA,NA,NA,NA,18219.8290127748,NA,NA,NA
"Confluence",1973,NA,NA,756.248015151515,240.111986531987,175.5807996633,6919.16634680135,NA,NA,NA,NA,15283.2831364669,NA,NA,NA
"Confluence",1974,NA,NA,1150.57898282828,3412.75442424242,224.526414141414,2827.20851031145,NA,NA,NA,NA,13102.6826194055,NA,NA,NA
"Confluence",1975,5.94755407407407,NA,697.369218855219,1116.42768799102,187.07156285073,1127.22707744108,NA,NA,NA,NA,4634.37246876289,NA,NA,NA
"Confluence",1976,451.147920740741,NA,692.645111111111,270.057777777778,63.6634259259259,5609.65675,NA,NA,NA,NA,11102.4325918909,NA,NA,NA
"Confluence",1977,4532.16164296296,NA,262.595111111111,28.4422222222222,33.3852777777778,5555.23755092593,NA,NA,NA,NA,3805.30866423119,NA,NA,NA
"Confluence",1978,4.57961111111111,NA,193.942856060606,225.884461279461,50.8067087542088,3662.59782723064,NA,NA,NA,NA,4700.43765304992,NA,NA,NA
"Confluence",1979,10.3822101010101,NA,184.536693184593,118.268727938728,16.6181414141414,2290.71530761461,NA,NA,NA,NA,3731.44850548198,NA,NA,NA
"Confluence",1980,4.08393555555556,NA,1018.59960606061,3193.27397306397,21.9322222222222,1344.41539015152,NA,NA,31.3555750925926,NA,6416.84364646989,NA,NA,NA
"Confluence",1981,184.189728783069,NA,202.473795238095,108.310740740741,7.41501322751323,2433.02856349206,NA,NA,63.3717817845118,NA,7605.41109091555,NA,NA,NA
"Confluence",1982,NA,NA,484.156660761461,74.3704553224553,12.7582523957524,166.511151994302,NA,NA,35.6294438888889,NA,17136.8585480464,NA,NA,NA
"Confluence",1983,NA,NA,972.254188455988,210.80771043771,48.2945752765753,17.6921088744589,NA,NA,61.183828617284,NA,1453.53418728018,NA,NA,NA
"Confluence",1984,12.2620296296296,NA,941.750352958153,319.852780663781,81.6283645983646,605.38810779822,NA,NA,136.512199739057,NA,9254.64994753281,NA,NA,NA
"Confluence",1985,83.9794303703704,NA,412.870463492063,104.910920634921,4.02583333333333,1931.21572142857,NA,NA,180.295264604377,NA,10916.023233046,NA,NA,NA
"Confluence",1986,NA,NA,192.502238383838,364.123393939394,45.760664021164,1462.37039320587,NA,NA,19.4421739814815,NA,16543.7860649831,NA,NA,NA
"Confluence",1987,44.7718439012346,NA,282.955741798942,853.21037037037,7.30022839506173,1803.7434484127,NA,NA,124.82483170679,NA,3879.24965969527,NA,NA,NA
"Confluence",1988,5.0728,NA,96.6225873015873,25.7009259259259,4.54050925925926,170.101443121693,NA,NA,49.2615533333333,NA,3253.63711191464,1648.04569649471,NA,NA
"Confluence",1989,135.891636296296,NA,217.369777777778,100.224074074074,9.11768518518518,45.5299990740741,28.0635708888889,NA,11.810264537037,NA,1629.89491945824,4873.9901817037,NA,NA
"Confluence",1990,23.3009709090909,NA,25.464037037037,7.55481481481482,11.5371071829405,140.275829545455,43.9907457407407,NA,17.4230492592593,NA,523.229717661978,5136.66806888889,1861.26313472503,NA
"Confluence",1991,54.3460297068364,NA,14.8666394716395,32.5227687127687,12.4491519899853,56.0894651860485,52.0269215873016,NA,6.48008419580419,NA,843.749605256755,4676.98870807217,1467.02267915899,NA
"Confluence",1992,51.3826564444444,NA,283.81012962963,370.238148148148,20.4026543209877,77.6496759259259,75.1250829814815,NA,5.58317580246914,NA,494.764078659604,5504.11313833333,2007.33032481481,NA
"Confluence",1993,NA,NA,191.250597643098,531.057345679012,50.7532996632997,168.031196759259,75.1267219444444,86.7431131282974,322.417825925926,NA,774.883752397452,3924.2372237037,1869.36461805836,NA
"Confluence",1994,3.82062518518519,1180.14242148148,22.4507777777778,148.808888888889,57.9190740740741,381.149694444444,338.913401666667,1114.76033217272,1121.46129537037,NA,188.478639149936,2276.31267925926,1322.71017777778,14.9796888888889
"Confluence",1995,NA,298.378226296296,117.337066666667,207.470518518519,24.0456296296296,67.9036111111111,131.055504666667,117.081432262061,251.392723296296,0.0309418582124681,17.4271067849278,2178.44937607407,1675.74505718519,12.49115
"Confluence",1996,0.274638518518519,348.905344444444,51.2761111111111,83.2333333333333,10.307962962963,149.243972222222,144.1557,321.91518811755,567.762690185185,0.0532426098361543,206.530097395504,2284.85769925926,2093.66070962963,18.7972944444444
"Confluence",1997,0.667752888888889,701.926005481482,25.7324666666667,106.843111111111,2.47685185185185,136.458712962963,89.799333,489.879367818449,1480.33851051852,1.93748818121898,50.3182136628545,2111.97598251852,1923.15115422222,107.67932
"Confluence",1998,NA,96.9861177777778,112.780222222222,158.843703703704,42.105,38.8705277777778,80.9466883333333,280.065691625869,451.717515407407,1.10923128457385,58.3677159942688,4008.39227555556,2754.10369333333,NA
"Confluence",1999,11.4740325925926,6.25473222222222,40.8664444444444,145.220740740741,13.3837037037037,399.843074074074,376.042058888889,880.540776647903,1824.23005903704,1.77102500112651,49.2066367240143,2392.38771037037,1511.26300074074,84.2330611111111
"Confluence",2000,3.43381037037037,106.109762222222,30.9554888888889,56.7038518518518,12.1418518518519,73.8820740740741,34.8380283333333,1304.92957870785,1404.26027414815,1.18623491270722,206.604942582661,3059.06815948148,1336.16954874074,11.3974388888889
"Confluence",2001,3.69187111111111,687.952215851852,24.3590888888889,169.969481481481,8.08874074074074,72.6560092592593,67.1120594444444,1219.63351237015,2204.67553444444,10.066541694444,149.868644131459,1126.81444496296,861.682554518518,17.3117855555556
"Confluence",2002,12.0454133333333,704.802125777778,109.854444444444,62.6976296296296,6.37077777777778,114.326303703704,81.7556768888889,1178.12270261811,1868.17129851852,6.42238468041189,23.5127332283294,1399.40580837037,1146.65454059259,40.6715166666667
"Confluence",2003,13.7119220740741,673.749248962963,127.267155555556,50.6322962962963,4.49018518518518,79.6692314814815,57.9901616666667,465.091581030695,1387.18568981481,4.7335791731917,9.83665783224403,1668.14782118519,1343.55004237037,21.3619777777778
"Confluence",2004,23.5613442857143,1034.76745156085,43.2149801587302,134.543994708995,9.34708994708995,91.2828498677249,37.5081604960317,1595.93361489144,1826.21488242593,6.9109582478113,54.5493957985777,2064.75713074074,905.918657380952,81.0616944444445
"Confluence",2005,5.84785058201058,661.615683465608,26.3775873015873,63.5340740740741,8.43134920634921,79.8454636243386,81.885115515873,846.070579352052,1114.96714111111,2.63483248883291,9.21114943743407,2030.24528666667,1222.50105002646,12.12625
"Confluence",2006,6.72005088888889,683.820853888889,114.755105555556,78.9755555555556,12.9917685185185,12.261075462963,29.7067604166667,322.403511716729,1168.42672421296,5.68606461003167,7.98302507534879,2457.68067946296,1711.52824892593,15.2782097222222
"Confluence",2007,2.99957126984127,849.357660396825,13.5745119047619,45.547671957672,6.97939814814815,103.110736111111,102.034195972222,227.35352436599,1264.82019916667,4.17802498139149,2.1336471602994,1482.33480563492,921.98847484127,22.3885680555556
"Confluence",2008,3.13071333333333,1010.01272468254,8.78117857142857,48.9064285714286,16.6394642857143,432.050777777778,258.766204047619,1495.77622909902,2492.26257708333,48.4179486092003,31.4619212266175,1983.15683063492,835.18254531746,111.6627375
"Confluence",2009,1.09821857142857,1117.04980351852,17.9534206349206,86.165873015873,13.6987301587302,58.6605803571429,52.7594298214286,341.441355064343,1726.36151837963,7.52949690461462,0.284587082623123,1583.95434927249,912.018886613757,53.495675
"Confluence",2010,0.59307,617.139486071429,29.6561825396825,119.308677248677,10.8609854497355,50.5783902116402,44.4259521230159,1170.16118050609,1171.57912856481,5.60868758086333,19.6763867796498,2079.25112214286,1247.19458055556,113.231980555556
"Confluence",2011,NA,776.182625396825,78.1986984126984,115.471851851852,27.3600264550265,64.3597156084656,55.3479065079365,207.328163146129,389.642721666667,5.31045169839785,4.69803358695232,2581.85485613757,1479.17841407407,19.5513222222222
"Confluence",2012,0.0309451851851852,604.997513505291,18.5936865079365,62.8832275132275,16.8785515873016,91.6690532407407,60.9728674801587,799.147484612593,1731.01456208333,10.1512756627141,11.2642188578538,2451.76323304233,1514.75994769841,88.73745
"Confluence",2013,0.293959523809524,1030.58063256614,61.7523174603175,159.942619047619,20.0283002645503,114.003859457672,135.713930496032,1285.47963453956,2382.87311092593,39.763806080176,2.52122434000536,1952.19423186508,1041.41878354497,43.7745263888889
"Confluence",2014,0.205623650793651,1187.41552338624,43.1795357142857,190.790079365079,90.9998809523809,112.850273809524,82.4700363293651,1047.49621480842,3429.34006310185,102.862872718978,0.355579267521856,3088.82284406085,1747.25433555556,142.270455555556
"Confluence",2015,0.088552962962963,1249.89363892857,21.4013055555556,145.19126984127,57.7587301587302,47.6470810185185,41.5684590079365,1478.4966869856,3992.70096259259,82.1555097771495,0.0250565344567467,3033.64840457672,1476.8327026455,207.561473611111
"Confluence",2016,0.4849,1200.41643460317,168.973484126984,735.139126984127,67.0444841269841,103.449347883598,189.05933093254,3650.06879060698,2614.95995638889,708.714659628798,127.21274112475,2142.46578755291,1872.6752655291,108.395695833333
"Confluence",2017,NA,1178.16422126984,455.693323809524,312.388423280423,258.494814814815,16.5085894179894,26.5204389047619,1970.09059409767,1389.7164687037,54.173406268777,82.5409044186015,4665.44174951323,5844.70045123809,7.4404
"Confluence",2018,1.30869714285714,1459.54146078042,55.6978380952381,99.6085978835979,135.81408994709,170.079913029101,326.106480813492,1219.79287043373,3216.04414375,25.2433054049948,0.102125255707341,2332.75533286772,2009.84767285714,147.285284166667
"Confluence",2019,0.0852571428571429,1124.95565724868,84.6793650793651,118.544656084656,150.776851851852,262.003899470899,290.816913730159,302.239180180581,1068.49400314815,3.2410256405429,1.22522057294703,3199.52575846561,2364.39610433862,7.47352777777778
"Confluence",2020,3.51614666666667,2349.85693912698,21.3482976190476,259.099126984127,374.668154761905,63.4763244047619,253.314498511905,483.650096953033,3106.44726180556,28.4873625048695,NA,1489.24089984127,1116.37719936508,112.8909375
"Confluence",2021,0.0975720634920635,1351.68652649471,21.8585952380952,40.7056349206349,54.7074867724868,419.758151455026,676.943462103175,NA,3983.37085777778,NA,NA,2395.03377710317,1225.9627389418,237.492420833333
"North",1973,NA,NA,NA,NA,NA,NA,NA,NA,NA,NA,197.854749509827,NA,NA,NA
"North",1974,NA,NA,NA,NA,NA,NA,NA,NA,NA,NA,13.2873791837756,NA,NA,NA
"North",1975,NA,NA,NA,NA,NA,NA,NA,NA,NA,NA,8.75857736930627,NA,NA,NA
"North",1977,NA,NA,NA,NA,NA,NA,NA,NA,NA,NA,1.8518843733137,NA,NA,NA
"North",1978,NA,NA,NA,NA,NA,NA,NA,NA,NA,NA,2.54153350032503,NA,NA,NA
"North",1979,NA,NA,NA,NA,NA,NA,NA,NA,NA,NA,21.618016162383,NA,NA,NA
"North",1980,NA,NA,NA,NA,NA,NA,NA,NA,NA,NA,6.99065464175762,NA,NA,NA
"North",1983,NA,NA,NA,NA,NA,NA,NA,NA,NA,NA,10.0316251350267,NA,NA,NA
"North",1984,NA,NA,NA,NA,NA,NA,NA,NA,NA,NA,14.1101416827559,NA,NA,NA
"North",1985,NA,NA,NA,NA,NA,NA,NA,NA,NA,NA,12.8980053416846,NA,NA,NA
"North",1986,NA,NA,NA,NA,NA,NA,NA,NA,NA,NA,17.0175089961705,NA,NA,NA
"North",1987,NA,NA,NA,NA,NA,NA,NA,NA,NA,NA,6.14431264268784,NA,NA,NA
"North",1988,NA,NA,NA,NA,NA,NA,NA,NA,NA,NA,26.6692779207797,NA,NA,NA
"North",1991,NA,NA,NA,NA,NA,NA,NA,NA,NA,NA,11.9363931843605,NA,NA,NA
"North",1992,NA,NA,NA,NA,NA,NA,NA,NA,NA,NA,11.9768849884994,NA,NA,NA
"North",1993,NA,NA,NA,NA,NA,NA,NA,NA,NA,NA,18.8365478533001,NA,NA,NA
"SouthCentral",1972,NA,NA,14340.1928333333,16793.6088888889,997.553333333333,962.447402777778,NA,NA,NA,NA,11855.5538389759,NA,NA,NA
"SouthCentral",1973,98.2913022222222,NA,10978.5624444444,28626.212962963,712.931574074074,443.482435185185,NA,NA,NA,NA,2896.84238022106,NA,NA,NA
"SouthCentral",1974,NA,NA,11637.399,43137.2855555556,1216.84416666667,252.432611111111,NA,NA,NA,NA,1292.54999906382,NA,NA,NA
"SouthCentral",1975,NA,NA,12351.6787222222,33401.8603703704,494.236296296296,6090.3270787037,NA,NA,NA,NA,486.284128091463,NA,NA,NA
"SouthCentral",1976,NA,NA,20341.0628111111,39857.5565185185,274.954296296296,360.976293518519,NA,NA,NA,NA,839.87727861593,NA,NA,NA
"SouthCentral",1977,NA,NA,9432.82566666667,18429.39,1373.14944444444,1010.86841666667,NA,NA,NA,NA,1144.12938511166,NA,NA,NA
"SouthCentral",1978,NA,NA,3900.20777777778,15268.8566666667,649.911388888889,41.9304305555556,NA,NA,NA,NA,317.467158926804,NA,NA,NA
"SouthCentral",1979,NA,NA,5931.458,18599.0344444444,690.711666666667,16.6268194444444,NA,NA,NA,NA,868.87186050973,NA,NA,NA
"SouthCentral",1980,NA,NA,2883.21133333333,4959.77585185185,429.575814814815,9.70333333333333,NA,NA,390.198355555556,NA,941.490089009406,NA,NA,NA
"SouthCentral",1981,NA,NA,4505.0805,7820.25444444444,1062.46361111111,38.3538055555556,NA,NA,1237.13803305556,NA,1722.16427036349,NA,NA,NA
"SouthCentral",1982,NA,NA,1346.34344444444,808.306666666667,125.686944444444,3.09638888888889,NA,NA,97.5889962962963,NA,1442.85475755905,NA,NA,NA
"SouthCentral",1983,NA,NA,300.161044444444,165.396074074074,45.8862592592593,2.46593518518519,NA,NA,30.015903037037,NA,294.792508888401,NA,NA,NA
"SouthCentral",1984,NA,NA,4030.29996666667,3741.67622222222,419.827111111111,23.2939166666667,NA,NA,635.967060555556,NA,2383.64998013779,NA,NA,NA
"SouthCentral",1985,NA,NA,13931.9533333333,10895.6755555556,1065.49722222222,298.157597222222,NA,NA,543.508711666667,NA,779.193038597933,NA,NA,NA
"SouthCentral",1986,NA,NA,5934.6455,2816.66814814815,714.231944444444,473.552578703704,NA,NA,104.253749444444,NA,791.625245005536,NA,NA,NA
"SouthCentral",1987,NA,NA,3291.91533333333,4229.74888888889,443.250555555556,2533.29183333333,NA,NA,1081.01010888889,NA,897.362069251882,NA,NA,NA
"SouthCentral",1988,NA,NA,6552.50848333333,11339.9822222222,504.397666666667,7870.41705555555,NA,NA,1358.45835358333,NA,728.364619828286,2043.21129711111,NA,NA
"SouthCentral",1989,NA,NA,3979.23394444444,9158.89888888889,526.734074074074,1160.68236111111,778.375043333333,NA,626.407673240741,NA,375.717585491246,7415.62509111111,NA,NA
"SouthCentral",1990,NA,NA,2565.58944444444,5781.75296296296,604.678888888889,1431.55722222222,1144.01708055556,NA,544.905544166667,NA,217.500227422708,5458.51899388889,5032.57061592593,NA
"SouthCentral",1991,NA,NA,4130.05933333333,6130.13814814815,655.383703703704,706.100259259259,836.28584,NA,650.520487037037,NA,119.368950693603,5472.67048166667,4788.58815925926,NA
"SouthCentral",1992,NA,NA,9470.09735555556,11705.9571851852,1768.93238888889,1127.35575,467.717185,NA,490.396405462963,NA,55.6854035646081,7190.3801582963,11080.7386845926,NA
"SouthCentral",1993,NA,NA,1513.82383333333,7340.11444444444,564.889166666667,441.817222222222,277.2965,6.02831095793968,159.729748888889,NA,49.3723382616145,4040.26307055556,3809.19539333333,NA
"SouthCentral",1994,NA,24.9893066666667,663.999333333333,16836.8533333333,1434.96555555556,4266.25983333333,2536.67695666667,190.150293104221,136.37554,NA,304.166331219967,5861.26850222222,8706.46225333333,NA
"SouthCentral",1995,NA,NA,929.224666666667,1238.95777777778,122.103888888889,28.6208888888889,23.638745,0.028756540961668,12.2475266666667,NA,1.78162693214212,564.537734444444,2229.35362888889,NA
"SouthCentral",1996,NA,NA,921.761333333333,2768.54888888889,190.886666666667,163.146166666667,115.879313333333,0.540695419104045,12.3178688888889,NA,137.398558248249,746.34494,5202.93153111111,NA
"SouthCentral",1997,NA,0.713895555555556,850.285333333333,4646.78888888889,1000.16833333333,188.272277777778,112.887493333333,2564.37415389911,4.22223277777778,NA,12.3912918284706,5985.15946111111,8213.45873555556,17.0286666666667
"SouthCentral",1998,NA,NA,543.063,1160.34,78.8405555555556,9.81969444444444,24.2800783333333,564.51632544906,169.053418333333,NA,19.6091124076112,2545.90278555556,2970.79359333333,NA
"SouthCentral",1999,NA,NA,1062.46766666667,2928.32444444444,657.714444444444,449.581861111111,505.417965,238.623376142526,20.9910944444444,NA,162.647311094836,2229.92930111111,4868.79290222222,NA
"SouthCentral",2000,NA,NA,1495.99,7762.00444444444,622.532222222222,34.5513611111111,254.027323333333,6684.55143058976,24.7218922222222,NA,11.7512013119526,3656.73024444444,7496.51554222222,NA
"SouthCentral",2001,NA,NA,1564.44966666667,2914.96444444444,339.46,603.922055555556,695.8146,227.172524589122,16.2393,NA,57.8199556470846,1974.61836,2292.53233111111,NA
"SouthCentral",2002,NA,NA,1086.44466666667,7524.18222222222,1195.57277777778,771.221722222222,3377.25011,474.009936333983,16.7458083333333,0.0108992657913734,3.49549137277866,6102.84352333333,7299.79852,NA
"SouthCentral",2003,NA,NA,3598.14533333333,5739.46444444444,1603.87166666667,941.822888888889,1228.51889333333,36.5618977730518,181.232819444444,NA,0.823853859496783,4349.59856222222,5877.68580222222,NA
"SouthCentral",2004,NA,1.17896444444444,7063.887,8217.19555555556,1762.08055555556,1140.07066666667,1161.25264666667,104.089666717433,29.3695772222222,NA,11.0988642668584,6225.95806555556,6823.18855111111,NA
"SouthCentral",2005,NA,0.23994,737.436,2330.74888888889,240.561666666667,255.540833333333,259.125923333333,317.556492321746,33.498045,NA,0.703968518177723,6271.672,5306.91917333333,NA
"SouthCentral",2006,NA,NA,367.066333333333,545.051111111111,118.960555555556,11.8530555555556,29.915795,0.969013087106547,93.1331761111111,NA,1.77779468959359,1076.05286555556,1325.36094,NA
"SouthCentral",2007,NA,10.3500044444444,14721.882,10624.4,977.624444444444,487.919888888889,1848.42928833333,55.2665704585623,46.8397922222222,0.0252598908256726,11.2383002476682,3132.27779333333,5888.46691333333,NA
"SouthCentral",2008,NA,1.05307,3111.64466666667,6816.59111111111,1910.96111111111,725.101305555556,2824.24841833333,40.321592357124,11.1333561111111,NA,49.6464073343271,4171.69710222222,5860.58765555556,NA
"SouthCentral",2009,NA,6.94937333333333,2660.36966666667,4024.13333333333,593.633333333333,583.913861111111,1220.95516833333,0.0297873939881331,14.8989555555556,NA,0.0264873937027858,2776.99544222222,6755.16878222222,NA
"SouthCentral",2010,NA,1.38632,717.846333333333,1577.25333333333,771.728333333333,390.557194444444,902.52435,22.7068559681114,14.3971022222222,NA,0.306238094290167,3343.84615888889,5555.89467555556,NA
"SouthCentral",2011,NA,0.5332,162.665,501.277777777778,27.9844444444444,55.8809444444444,324.709471666667,0.118578765978697,0.394271111111111,NA,0.164700284260361,883.418714444445,633.957155555556,NA
"SouthCentral",2012,NA,2.00542444444444,349.838,1353.58222222222,1882.56833333333,510.310527777778,876.496638333333,3.39543948187938,5.25778555555556,NA,19.7030041934548,3663.64257111111,3853.05921333333,NA
"SouthCentral",2013,NA,10.9646655555556,1113.45866666667,3519.64444444444,1177.11777777778,197.470722222222,684.639366666667,0.451017555197449,15.4447727777778,NA,0.104304381453828,4757.22322777778,4659.53362222222,NA
"SouthCentral",2014,NA,197.353612222222,348.787333333333,4714.14,1550.87888888889,92.9429444444444,186.066031666667,8.87875081847707,17.74486,NA,0.0131858453944938,5491.17064222222,4415.97510666667,9.82263333333333
"SouthCentral",2015,NA,810.489178888889,357.019,4921.33777777778,2385.82722222222,98.0569166666667,674.135128333333,85.1249774262271,20.02182,NA,0.0306144620263381,4756.68343333333,4887.90120444444,NA
"SouthCentral",2016,NA,6.38803222222222,2476.39466666667,9571.86888888889,5280.475,555.604583333333,1343.14921,299.918122045376,16.7592561111111,0.035299538471483,4.95195209058249,9463.1438,8943.66686888889,NA
"SouthCentral",2017,NA,1.20858666666667,403.983666666667,497.873333333333,151.88,261.163638888889,621.323733333333,NA,NA,NA,11.5422355005937,4518.01590777778,6173.95560444444,NA
"SouthCentral",2018,NA,21.5249877777778,298.359666666667,479.737777777778,3353.37111111111,292.975583333333,1187.399005,9.01740282433662,6.29348611111111,NA,20.6977463135413,6633.20413555556,9296.15286222222,NA
"SouthCentral",2019,NA,6.31101444444444,567.320333333333,777.164444444444,259.342222222222,168.404111111111,180.872033333333,0.426396632674093,6.11223666666667,NA,0.0701015153988259,2096.63113,2517.07088,NA
"SouthCentral",2020,NA,2.98147666666667,741.705666666667,836.497777777778,4622.36555555556,378.6785,1535.90114166667,23.4214522081011,59.7412355555556,NA,0.646152523980091,3313.48013333333,3168.26320666667,NA
"SouthCentral",2021,NA,0.42656,462.427666666667,883.008888888889,2342.00722222222,960.235555555556,2655.14244666667,NA,6.17792388888889,NA,NA,3469.95397222222,2792.14571333333,NA
"Suisun Bay",1972,6117.21381481481,NA,0.582222222222222,NA,4.99185185185185,6397.77187037037,NA,NA,NA,NA,6974.60168660857,NA,NA,NA
"Suisun Bay",1973,3734.51744444444,NA,26.4816666666667,54.482962962963,4.85240740740741,6543.2982037037,NA,NA,NA,NA,25435.5313219607,NA,NA,NA
"Suisun Bay",1974,2141.51224948148,NA,83.4755777777778,524.745925925926,15.7011481481481,14488.5662203704,NA,NA,NA,NA,27758.2843086669,NA,NA,NA
"Suisun Bay",1975,1518.6214797037,NA,23.5139333333333,41.9488888888889,4.68111111111111,6068.31753888889,NA,NA,NA,NA,15580.7939003289,NA,NA,NA
"Suisun Bay",1976,10879.8866948148,NA,0.440333333333333,NA,NA,555.734421296296,NA,NA,NA,NA,3873.34658930891,NA,NA,NA
"Suisun Bay",1977,12336.9291348148,NA,0.598166666666667,NA,2.96694444444444,61.0304166666667,NA,NA,NA,NA,153.380990981356,NA,NA,NA
"Suisun Bay",1978,6181.02223407407,NA,41.0555555555556,38.3318518518519,2.13037037037037,7351.97439814815,NA,NA,NA,NA,10104.4836542928,NA,NA,NA
"Suisun Bay",1979,7929.59732962963,NA,4.31697777777778,3.07259259259259,NA,3531.6621462963,NA,NA,NA,NA,5420.34296005908,NA,NA,NA
"Suisun Bay",1980,3760.36811274074,NA,43.2596,134.075111111111,NA,6143.49417962963,NA,NA,33.7615697222222,NA,17019.1492550461,NA,NA,NA
"Suisun Bay",1981,8505.67579814815,NA,2.09366666666667,0.800555555555556,NA,2328.00815277778,NA,NA,78.0924277777778,NA,3804.81917499849,NA,NA,NA
"Suisun Bay",1982,1890.32987740741,NA,95.9979722222222,34.3633333333333,2.26555555555556,6990.10136805556,NA,NA,47.383712962963,NA,18006.7340078467,NA,NA,NA
"Suisun Bay",1983,655.73920226455,NA,455.652314285714,76.7888888888889,37.9151851851852,2428.49958994709,NA,NA,83.595100462963,NA,4433.51363125197,NA,NA,NA
"Suisun Bay",1984,4783.84398107937,NA,52.7900682539683,3.41269841269841,0.288055555555556,3406.72058187831,NA,NA,75.7790380925926,NA,9068.09984620856,NA,NA,NA
"Suisun Bay",1985,7834.75771809524,NA,11.7514444444444,1.90666666666667,NA,1237.46923677249,NA,NA,85.2021890740741,NA,5565.72298851156,NA,NA,NA
"Suisun Bay",1986,3159.76662567901,NA,28.2847777777778,134.314814814815,2.07666666666667,4514.54529938272,NA,NA,10.1514762222222,NA,24646.4063138817,NA,NA,NA
"Suisun Bay",1987,4537.00299876543,NA,0.108888888888889,NA,NA,605.239938271605,NA,NA,12.7512436419753,NA,2634.04508504778,NA,NA,NA
"Suisun Bay",1988,683.840793333333,NA,NA,NA,NA,11.5541981481481,NA,NA,2.11111638888889,NA,1359.25603444585,68.629022,NA,NA
"Suisun Bay",1989,1136.84271748148,NA,2.35066666666667,9.59111111111111,0.0772222222222222,88.7870777777778,108.411093555556,NA,20.9254885,NA,1424.19710196315,801.403973333333,NA,NA
"Suisun Bay",1990,845.836209015873,NA,1.13611111111111,NA,NA,16.4616223544974,55.0098226785714,NA,NA,NA,414.263160091654,517.290818989418,126.108537978836,NA
"Suisun Bay",1991,1377.04897051852,NA,0.382555555555556,1.53185185185185,NA,62.5120486111111,95.389515,NA,5.05652277777778,NA,1133.9146385717,194.011514277778,65.8938033333333,NA
"Suisun Bay",1992,3716.08096622222,NA,0.0636666666666667,NA,NA,16.5909907407407,44.6672633333333,NA,20.1821588888889,NA,1050.67071233669,557.549195703704,152.835256888889,NA
"Suisun Bay",1993,692.852804888889,NA,33.0632222222222,94.1881481481481,0.659814814814815,347.368157407407,298.363765555556,50.8321158085654,141.26339837037,NA,6072.69077148963,1209.52692585185,437.279154,NA
"Suisun Bay",1994,1382.53140740741,481.600063703704,0.117111111111111,NA,0.0840740740740741,8.46083333333333,18.0027611111111,1239.73943639245,1091.45996814815,NA,22.7330832562159,27.5438125925926,25.511122962963,347.329422222222
"Suisun Bay",1995,80.7155422222222,289.348385555556,55.1935555555555,123.038518518519,3.17888888888889,786.615574074074,471.182255555556,697.941963283077,1676.12533277778,18.5397695847175,169.914062653639,955.955256666667,1374.48478296296,995.848194444445
"Suisun Bay",1996,164.272515555556,151.801052592593,12.3597777777778,17.2355555555556,NA,131.810185185185,125.853115555556,869.984633594797,964.48073037037,13.7405752583456,27.2899263240784,461.22304962963,576.545536296296,1567.57875555556
"Suisun Bay",1997,52.5106637037037,241.998744444444,0.636222222222222,4.32444444444444,NA,102.447740740741,104.216132222222,1975.0393788453,1382.44524962963,32.0835444609442,1.68416514305793,179.797395555556,57.2061985185185,2739.10256666667
"Suisun Bay",1998,56.8352533333333,135.688538518518,65.2071111111111,107.871111111111,5.3462962962963,256.671574074074,322.44316,2491.46362371813,2903.56193944444,94.6114499702902,25.1231052718024,1268.31581555556,1243.48964592593,861.674761111111
"Suisun Bay",1999,804.556026666667,5.82175407407407,8.16377777777778,22.1911111111111,0.205555555555556,534.812759259259,721.63468,2364.60896681839,3243.66173185185,37.9758824525211,2.02248423978767,358.798162962963,110.13844,1485.84115555556
"Suisun Bay",2000,659.548546666667,7.54478,2.37477777777778,22.8148148148148,0.133703703703704,287.867527777778,283.200240555556,5915.49519964199,3084.62717888889,95.7769852862867,2.38350692871468,264.525897777778,74.6474859259259,951.992455555556
"Suisun Bay",2001,1388.8806962963,275.760178518519,4.78311111111111,6.90814814814815,NA,83.6616666666667,106.689541111111,672.349825939876,1180.64439888889,209.999882114117,0.0423398585658052,16.8977844444444,18.9214296296296,638.346566666667
"Suisun Bay",2002,2124.06093333333,274.340286666667,1.32533333333333,1.83703703703704,NA,88.2161851851852,97.8658633333333,1799.50558132352,2640.07536851852,111.243682311425,0.596996909754935,28.3926948148148,16.0204992592593,740.158611111111
"Suisun Bay",2003,4597.47698222222,250.130538148148,73.9307777777778,32.7481481481482,NA,50.9319814814815,56.7692233333333,1650.22287082575,3216.16068148148,116.190491755604,1.31131181738153,79.0658366666667,68.886662962963,887.581177777778
"Suisun Bay",2004,346.837227407407,313.95754037037,10.9402222222222,14.6411111111111,0.377407407407407,111.989351851852,114.5321125,585.999151629536,1623.19029833333,87.1328527172274,0.169834591380566,35.7558361111111,22.9372196296296,997.867752777778
"Suisun Bay",2005,257.708573481481,314.500762555556,2.8044,3.44177777777778,0.520666666666667,115.963839814815,111.992619555556,1432.32662671188,2412.54961837037,78.8694326621254,5.07927893757764,190.510910333333,509.943726962963,879.296316111111
"Suisun Bay",2006,80.6439814814815,400.927249296296,60.5261777777778,29.9351111111111,1.57959259259259,1256.48174074074,882.731734444444,2794.92295324316,4001.22583544444,144.796769228887,7.01593178521777,1090.65822433333,961.107839185185,686.509312222222
"Suisun Bay",2007,1499.21603037037,365.912696481481,5.97844444444444,4.49740740740741,0.0681481481481482,30.0694861111111,53.6401847222222,327.797216951547,1999.06025601852,67.4033148677557,0.00247521158100391,59.3906988888889,64.0199766666667,607.963202777778
"Suisun Bay",2008,811.093473333333,245.748670925926,0.699111111111111,6.70259259259259,0.251851851851852,158.240263888889,223.915921666667,658.401841852964,3079.01423407407,375.82379375977,0.00946525955054471,19.5620027777778,81.3885785185185,1152.814775
"Suisun Bay",2009,720.795975555556,498.858464074074,2.86133333333333,2.40666666666667,0.226759259259259,93.45375,183.534234722222,281.611567435275,3045.68014851852,171.128561509568,2.1086042716541,28.2881866666667,97.1905574074074,1319.79608055556
"Suisun Bay",2010,390.649807407407,245.097228888889,7.47438888888889,12.3011111111111,0.13037037037037,141.432986111111,112.4590025,3672.34571831591,1804.64365148148,80.8179875995048,1.08548601149575,170.278034259259,319.054695185185,909.034875
"Suisun Bay",2011,131.393145777778,1628.94367459259,37.3765666666667,97.1782222222222,1.04183333333333,660.376325,703.941442388889,645.897765070092,1685.92321372222,84.0095462922995,14.7052897617017,1415.58071192593,1419.04281377778,830.043320555556
"Suisun Bay",2012,277.128334962963,169.136174518519,1.02128888888889,5.29281481481481,0.0702777777777778,107.304732407407,137.409541388889,1789.62657935321,4207.40547474074,95.4596114600573,0.0402305847025567,76.6119163333333,156.549778592593,1632.45036111111
"Suisun Bay",2013,263.202062222222,339.044106666667,0.103333333333333,0.348148148148148,0.032962962962963,30.1210925925926,91.2205811111111,732.037939354781,4869.19063814815,158.959396480463,NA,17.1817311111111,57.2131540740741,1486.55414444444
"Suisun Bay",2014,200.680631111111,225.498179259259,0.0111111111111111,0.0740740740740741,NA,23.2972037037037,49.0978077777778,407.7996732061,3190.05672222222,186.207283105638,NA,14.6222674074074,89.0009703703704,2089.01591111111
"Suisun Bay",2015,35.6471955555556,108.297363333333,0.054,0.721481481481482,NA,4.71361111111111,17.7045411111111,725.697804416813,4354.34490425926,268.870227858676,NA,15.838407037037,89.1405451851852,3073.54627222222
"Suisun Bay",2016,99.0033177777778,459.559649259259,3.43361111111111,15.26,NA,42.8550740740741,208.443888611111,4799.53521388263,5980.09058824074,942.734056541075,NA,63.082252037037,146.682233333333,3189.931325
"Suisun Bay",2017,33.4246681481481,791.581067592593,137.506277777778,106.299259259259,23.9523148148148,443.626736111111,320.937763611111,6394.73014597329,8862.51296583333,747.768360094313,7.90629822304486,3450.65989481482,6698.4101737037,1633.17200277778
"Suisun Bay",2018,185.897397777778,679.403933703704,22.3901111111111,32.5274074074074,0.152222222222222,360.640884259259,402.554110833333,1202.04514165725,5521.2985787037,77.8557911448276,NA,230.355184074074,265.162355185185,2041.85308055556
"Suisun Bay",2019,69.2027728888889,967.626822925926,24.7688666666667,39.2397777777778,1.21361111111111,527.788163888889,747.580755277778,4168.17010576365,7134.46875555556,604.771153534863,3.99089124166356,983.459780111111,2032.4703457037,1940.74917944444
"Suisun Bay",2020,665.213173333333,1146.15783333333,NA,NA,NA,11.3310740740741,24.0312944444444,991.340191401549,5473.84050888889,165.207930018445,NA,20.537822962963,58.7322474074074,2689.81634444444
"Suisun Bay",2021,150.106251851852,194.780922222222,NA,NA,NA,99.1291481481481,151.013156666667,NA,4907.52941518518,NA,NA,13.376057037037,64.0481466666667,4611.88902222222
"Suisun Marsh",1972,1364.45886666667,NA,NA,NA,NA,17361.7305833333,NA,NA,NA,NA,21480.7184519879,NA,NA,NA
"Suisun Marsh",1973,37.2883955555556,NA,2.33066666666667,NA,NA,10812.2606388889,NA,NA,NA,NA,36726.629287152,NA,NA,NA
"Suisun Marsh",1974,NA,NA,0.718,32.4666666666667,24.9016666666667,14941.0467222222,NA,NA,NA,NA,31202.6057363889,NA,NA,NA
"Suisun Marsh",1975,2.76848888888889,NA,2.172,14.9866666666667,NA,7471.55088888889,NA,NA,NA,NA,14754.1181892233,NA,NA,NA
"Suisun Marsh",1976,6017.81124888889,NA,1.154,NA,NA,3330.79341666667,NA,NA,NA,NA,32518.6665433833,NA,NA,NA
"Suisun Marsh",1977,30687.8182244444,NA,NA,NA,NA,242.190861111111,NA,NA,NA,NA,245.042692005438,NA,NA,NA
"Suisun Marsh",1978,280.096475555556,NA,11.2263333333333,8.67555555555556,NA,14196.8878333333,NA,NA,NA,NA,24551.3313856904,NA,NA,NA
"Suisun Marsh",1979,567.858515555556,NA,6.76166666666667,NA,NA,9989.79466666667,NA,NA,NA,NA,17968.4768503536,NA,NA,NA
"Suisun Marsh",1980,4.19915111111111,NA,5.866,54.4555555555555,NA,4506.04063888889,NA,NA,NA,NA,24124.7414438428,NA,NA,NA
"Suisun Marsh",1981,4468.00122222222,NA,2.441,NA,NA,6684.61055555556,NA,NA,67.0815055555556,NA,12156.318584039,NA,NA,NA
"Suisun Marsh",1982,NA,NA,17.26,9.20666666666667,5.26333333333333,1878.31683333333,NA,NA,144.775672222222,NA,13168.0237356753,NA,NA,NA
"Suisun Marsh",1983,NA,NA,779.164888888889,104.831111111111,88.8462962962963,152.050444444444,NA,NA,714.987434259259,NA,5683.10602173615,NA,NA,NA
"Suisun Marsh",1984,12.2078755555556,NA,4.51766666666667,8.73777777777778,1.53888888888889,6024.3585462963,NA,NA,81.8281022222222,NA,11062.2704997215,NA,NA,NA
"Suisun Marsh",1985,3671.84626074074,NA,61.906,NA,NA,2325.94948148148,NA,NA,12.179475,NA,27624.8715247888,NA,NA,NA
"Suisun Marsh",1986,47.5218577777778,NA,2.6825,NA,NA,4797.01047222222,NA,NA,16.8420116666667,NA,37651.5767220158,NA,NA,NA
"Suisun Marsh",1987,992.343567407407,NA,NA,NA,NA,1815.25437037037,NA,NA,NA,NA,18803.2570988418,NA,NA,NA
"Suisun Marsh",1988,160.94204,NA,NA,NA,NA,470.064375,NA,NA,NA,NA,11648.5425793718,330.679555555556,NA,NA
"Suisun Marsh",1989,5.77901333333333,NA,2.30533333333333,7.8,1.69722222222222,1036.55463888889,946.591165,NA,NA,NA,15112.4858246143,7134.35521333333,NA,NA
"Suisun Marsh",1990,34.4303866666667,NA,NA,NA,NA,503.237481481481,1210.56984388889,NA,NA,NA,9235.56339332468,3860.56796481481,1453.6162837037,NA
"Suisun Marsh",1991,808.181586666667,NA,0.406,NA,NA,413.784055555556,1260.38273833333,NA,4.15107777777778,NA,14823.4499587592,1918.30079222222,681.971355555556,NA
"Suisun Marsh",1992,498.959613333333,NA,NA,NA,NA,165.976305555556,222.545071666667,NA,NA,NA,2004.89467703441,1769.65471222222,1437.11167777778,NA
"Suisun Marsh",1993,NA,NA,21.385,12.0266666666667,NA,344.574833333333,280.515191666667,531.477821065142,289.07151,NA,1828.4994512575,6486.10941,1702.54680666667,NA
"Suisun Marsh",1994,0.931671111111111,758.63696,NA,128.133333333333,NA,180.332111111111,372.6788,740.379207322542,2870.31201333333,1.61171528110088,289.691095790102,308.244811111111,61.23532,351.0605
"Suisun Marsh",1995,NA,974.739957777778,9.288,17.1688888888889,2.00111111111111,140.753555555556,118.44144,807.019779164916,1229.00186888889,2.1277030253371,554.743457891963,3591.78040222222,1851.61618666667,187.917566666667
"Suisun Marsh",1996,61.6892266666667,494.987333333333,4.28,8.92888888888889,NA,64.8900555555555,94.28081,1251.13392678966,946.428443333333,2.86408466460388,295.252856506766,3205.46504666667,770.55592,185.882433333333
"Suisun Marsh",1997,NA,594.124024444444,NA,NA,NA,373.333777777778,437.8062,2931.69990839372,2721.58062555556,202.443308671234,410.144164204875,1043.71991777778,188.1756,979.709033333333
"Suisun Marsh",1998,NA,243.296197777778,14.894,358.497777777778,50.3533333333333,378.185444444444,161.498956666667,3593.722566799,1363.42984555556,41.3344160332482,158.299275252191,7882.35946666667,3481.47256888889,NA
"Suisun Marsh",1999,NA,8.80372444444444,9.02733333333333,56.7733333333333,NA,680.195777777778,598.00806,9773.22843623439,2768.17333333333,65.7241984167627,131.195745132728,2954.27872666667,856.123164444444,483.1988
"Suisun Marsh",2000,NA,7.48849777777778,1.74533333333333,64.3511111111111,NA,620.133722222222,587.379563333333,8864.72517206421,2472.74161555556,392.618996423347,272.240212764273,1451.15972222222,131.486431111111,522.3232
"Suisun Marsh",2001,NA,636.563782222222,2.57133333333333,11.6266666666667,NA,133.211777777778,112.618133333333,1681.28324907143,3265.11290777778,296.939239313659,172.670466020387,71.4894888888889,47.7123288888889,530.4845
"Suisun Marsh",2002,NA,429.063077777778,0.706,NA,NA,390.5355,965.413496666667,2263.77593638444,6933.06656,339.370796667246,9.46047051196322,50.5839155555556,24.0119688888889,1363.47703333333
"Suisun Marsh",2003,1.20686222222222,919.645586666667,8.99333333333333,NA,1.50333333333333,161.327777777778,210.0527,3714.70533467942,3605.09593111111,153.979184928425,30.4489524407607,897.650062222222,158.519893333333,257.901233333333
"Suisun Marsh",2004,1.66772444444444,848.472273333333,5.07333333333333,14.7511111111111,NA,146.973944444444,294.187616666667,1441.72924189377,4361.44121777778,141.371258904062,38.6600585200018,168.838828888889,24.0843066666667,654.419966666667
"Suisun Marsh",2005,NA,838.930955555555,0.723333333333333,3.24888888888889,1.24,224.746555555556,194.67994,878.710445428473,3322.66156444444,53.4113455232882,112.248991471415,1087.37376,496.013186666667,179.6109
"Suisun Marsh",2006,NA,852.352784444444,17.3646666666667,10.7866666666667,4.12222222222222,246.015,255.207376666667,2713.89923267014,4530.01118111111,62.7131066183785,231.972269998703,6165.30439555556,2345.56079111111,215.537233333333
"Suisun Marsh",2007,5.45077333333333,621.589748888889,2.698,3.54222222222222,NA,210.791111111111,416.812153333333,709.556599269338,4621.73152777778,123.018789845971,3.06355828208397,304.163077777778,39.8428133333333,296.278033333333
"Suisun Marsh",2008,1.28312,1032.53883777778,NA,4.47111111111111,NA,1430.25555555556,1226.97648666667,4699.93034002693,5426.19857888889,837.481793334093,7.87683027572368,149.938628888889,123.852013333333,791.293066666667
"Suisun Marsh",2009,1.47873777777778,664.34054,0.363333333333333,NA,NA,432.571444444444,451.49546,154.68169442275,4124.23867333333,126.978087638714,23.6209981686131,99.9462688888889,113.386684444444,639.966366666667
"Suisun Marsh",2010,0.560328888888889,777.636653333333,2.17,4.95555555555556,NA,346.988833333333,294.125086666667,1345.80743418091,2411.18611222222,64.4146714763369,59.1848097925754,1124.83993111111,433.463266666667,271.856433333333
"Suisun Marsh",2011,NA,1155.46809777778,13.812,16.88,0.98,595.149611111111,332.15455,623.938069797635,2203.38986777778,118.783591092025,293.581329994449,3069.75628666667,1065.02632,58.3751
"Suisun Marsh",2012,NA,836.69744,0.862,1.6,NA,648.301,413.878053333333,1517.4077354244,6912.62076555556,126.106431931075,24.2080275134556,544.308013333333,212.991631111111,657.181933333333
"Suisun Marsh",2013,1.42568888888889,870.531942222222,NA,NA,NA,493.903611111111,1179.30137,1975.63452600775,5359.35115333333,241.448733449359,4.10057587690339,286.076266666667,205.998515555556,563.5658
"Suisun Marsh",2014,0.845466666666667,782.278455555556,0.17,1.13333333333333,NA,1331.75094444444,1336.87216,642.521536754393,7851.59914,486.206567944587,0.0777225306960862,166.404577777778,66.8846222222222,1520.82606666667
"Suisun Marsh",2015,NA,1344.39566888889,NA,NA,NA,431.135666666667,464.201876666667,2350.38076045003,9689.83676888889,1636.91127191393,0.062706857443797,415.967077777778,111.205422222222,1026.12253333333
"Suisun Marsh",2016,NA,664.435331111111,NA,NA,NA,641.630944444444,1031.09244333333,3948.15033064783,7859.90070444445,1039.98568460516,3.83396120533008,455.178337777778,174.873795555556,478.547066666667
"Suisun Marsh",2017,NA,579.418072222222,152.439333333333,130.615555555556,29.5344444444444,661.357111111111,980.772628333333,10543.1889856231,6902.29302,708.148486380111,1040.56271087962,14618.8373711111,9662.80523555556,45.9670166666667
"Suisun Marsh",2018,NA,1276.0809,5.274,1.52888888888889,NA,1878.50222222222,1138.59915,5045.54415439864,7281.95312055556,886.115573402006,30.0768176716912,1427.51228888889,439.645364444444,485.94
"Suisun Marsh",2019,NA,807.095953333333,17.5626666666667,17.9288888888889,0.865555555555556,511.109277777778,793.026303333333,2941.66501360338,7619.82018777778,111.582838111442,173.829832914165,2055.14386,1572.57320888889,130.4562
"Suisun Marsh",2020,3.97866666666667,1372.64638222222,NA,12.16,NA,302.858388888889,373.37625,2820.25618118204,9547.47401222222,857.036286776049,2.33768130026225,283.559197777778,84.1441377777778,975.5557
"Suisun Marsh",2021,NA,608.06128,NA,NA,NA,490.708611111111,647.268873333333,NA,7428.02044444445,NA,NA,152.571051111111,20.4284666666667,1298.8927
